{
    "X_mean": [
        2.8535968497352013e-12,
        0.1755808812847818,
        3.677711898607386,
        2.6006374279915723
    ],
    "X_std": [
        3.027931805521465e-12,
        51.85240214065965,
        103.25967287214716,
        0.0709626388022397
    ]
}